"Data Source","Indicateurs du développement dans le monde",

"Last Updated Date","2020-12-16",

"Country Name","Country Code","Indicator Name","Indicator Code","1960","1961","1962","1963","1964","1965","1966","1967","1968","1969","1970","1971","1972","1973","1974","1975","1976","1977","1978","1979","1980","1981","1982","1983","1984","1985","1986","1987","1988","1989","1990","1991","1992","1993","1994","1995","1996","1997","1998","1999","2000","2001","2002","2003","2004","2005","2006","2007","2008","2009","2010","2011","2012","2013","2014","2015","2016","2017","2018","2019","2020",
"Aruba","ABW","Part des revenus détenus par les 10% moins élevés","SI.DST.FRST.10","","","","","","","","","","","","","","","","","","","","","","","","","","","","","","","","","","","","","","","","","","","","","","","","","","","","","","","","","","","","","",
"Afghanistan","AFG","Part des revenus détenus par les 10% moins élevés","SI.DST.FRST.10","","","","","","","","","","","","","","","","","","","","","","","","","","","","","","","","","","","","","","","","","","","","","","","","","","","","","","","","","","","","","",
"Angola","AGO","Part des revenus détenus par les 10% moins élevés","SI.DST.FRST.10","","","","","","","","","","","","","","","","","","","","","","","","","","","","","","","","","","","","","","","","","1","","","","","","","","2.1","","","","","","","","","","1.3","","",
"Albanie","ALB","Part des revenus détenus par les 10% moins élevés","SI.DST.FRST.10","","","","","","","","","","","","","","","","","","","","","","","","","","","","","","","","","","","","","3.9","","","","","","3.5","","","3.5","","","3.7","","","","3.7","","2.9","3.1","3","3.1","","","",
"Andorre","AND","Part des revenus détenus par les 10% moins élevés","SI.DST.FRST.10","","","","","","","","","","","","","","","","","","","","","","","","","","","","","","","","","","","","","","","","","","","","","","","","","","","","","","","","","","","","","",
"Le monde arabe","ARB","Part des revenus détenus par les 10% moins élevés","SI.DST.FRST.10","","","","","","","","","","","","","","","","","","","","","","","","","","","","","","","","","","","","","","","","","","","","","","","","","","","","","","","","","","","","","",
"Émirats arabes unis","ARE","Part des revenus détenus par les 10% moins élevés","SI.DST.FRST.10","","","","","","","","","","","","","","","","","","","","","","","","","","","","","","","","","","","","","","","","","","","","","","","","","","","","","","","2.3","","","","","","",
"Argentine","ARG","Part des revenus détenus par les 10% moins élevés","SI.DST.FRST.10","","","","","","","","","","","","","","","","","","","","","2","","","","","","2","1.7","","","","1.7","1.6","1.5","1.5","1.1","1","1.1","1.1","1.1","0.9","0.7","0.9","1","1.1","1.2","1.2","1.3","1.3","1.3","1.3","1.7","1.7","1.8","1.8","","1.8","1.8","1.8","","",
"Arménie","ARM","Part des revenus détenus par les 10% moins élevés","SI.DST.FRST.10","","","","","","","","","","","","","","","","","","","","","","","","","","","","","","","","","","","","","","","","3","","3.2","3.3","3.7","3.1","3.3","3.7","3.5","3.9","4","3.9","3.8","3.8","3.6","3.5","3.4","3.3","3.5","3.3","","",
"Samoa américaines","ASM","Part des revenus détenus par les 10% moins élevés","SI.DST.FRST.10","","","","","","","","","","","","","","","","","","","","","","","","","","","","","","","","","","","","","","","","","","","","","","","","","","","","","","","","","","","","","",
"Antigua-et-Barbuda","ATG","Part des revenus détenus par les 10% moins élevés","SI.DST.FRST.10","","","","","","","","","","","","","","","","","","","","","","","","","","","","","","","","","","","","","","","","","","","","","","","","","","","","","","","","","","","","","",
"Australie","AUS","Part des revenus détenus par les 10% moins élevés","SI.DST.FRST.10","","","","","","","","","","","","","","","","","","","","","","2.8","","","","2.7","","","","2.6","","","","","","2.8","","","","","","2.7","","2.7","3","","","","2.8","","2.7","","","","2.8","","","","","","",
"Autriche","AUT","Part des revenus détenus par les 10% moins élevés","SI.DST.FRST.10","","","","","","","","","","","","","","","","","","","","","","","","","","","","4.4","","","","","","","3","2.3","","3.1","","","3.4","","","3.3","3.4","3.5","3.4","3.1","3","2.8","3.1","2.9","2.8","3.1","3.1","3","2.8","3","","","",
"Azerbaïdjan","AZE","Part des revenus détenus par les 10% moins élevés","SI.DST.FRST.10","","","","","","","","","","","","","","","","","","","","","","","","","","","","","","","","","","","","2.7","","","","","","3.1","4.8","4.5","4.8","4.8","","","","","","","","","","","","","","","",
"Burundi","BDI","Part des revenus détenus par les 10% moins élevés","SI.DST.FRST.10","","","","","","","","","","","","","","","","","","","","","","","","","","","","","","","","","3.4","","","","","","1.7","","","","","","","","4","","","","","","","2.8","","","","","","","",
"Belgique","BEL","Part des revenus détenus par les 10% moins élevés","SI.DST.FRST.10","","","","","","","","","","","","","","","","","","","","","","","","","","4","","","3.9","","","","3.7","","","3.3","","3.5","","","3.3","","","3.3","3.4","3.4","3.4","3.4","3.4","3.2","3.3","3.3","3.4","3.3","3.4","3.4","3.4","3.3","","","",
"Bénin","BEN","Part des revenus détenus par les 10% moins élevés","SI.DST.FRST.10","","","","","","","","","","","","","","","","","","","","","","","","","","","","","","","","","","","","","","","","","","","","2.9","","","","","","","","2.5","","","","1","","","","","",
"Burkina Faso","BFA","Part des revenus détenus par les 10% moins élevés","SI.DST.FRST.10","","","","","","","","","","","","","","","","","","","","","","","","","","","","","","","","","","","2.2","","","","2","","","","","2.3","","","","","","2.7","","","","","3.6","","","","","","",
"Bangladesh","BGD","Part des revenus détenus par les 10% moins élevés","SI.DST.FRST.10","","","","","","","","","","","","","","","","","","","","","","","","4.1","","4.5","","","4.2","","","4.1","","","","3.8","","","","","3.7","","","","","3.8","","","","","3.9","","","","","","3.7","","","","",
"Bulgarie","BGR","Part des revenus détenus par les 10% moins élevés","SI.DST.FRST.10","","","","","","","","","","","","","","","","","","","","","","","","","","","","","","","","","","","","","","","","","","","","","","","1.6","2.2","2.4","2.4","2.1","2.1","2","1.8","2","1.5","1.6","1.9","","","",
"Bahreïn","BHR","Part des revenus détenus par les 10% moins élevés","SI.DST.FRST.10","","","","","","","","","","","","","","","","","","","","","","","","","","","","","","","","","","","","","","","","","","","","","","","","","","","","","","","","","","","","","",
"Bahamas","BHS","Part des revenus détenus par les 10% moins élevés","SI.DST.FRST.10","","","","","","","","","","","","","","","","","","","","","","","","","","","","","","","","","","","","","","","","","","","","","","","","","","","","","","","","","","","","","",
"Bosnie-Herzégovine","BIH","Part des revenus détenus par les 10% moins élevés","SI.DST.FRST.10","","","","","","","","","","","","","","","","","","","","","","","","","","","","","","","","","","","","","","","","","","3.6","","","2.9","","","3","","","","2.9","","","","","","","","","",
"Bélarus","BLR","Part des revenus détenus par les 10% moins élevés","SI.DST.FRST.10","","","","","","","","","","","","","","","","","","","","","","","","","","","","","","","","","","","","","","","3.1","3","3.1","3.3","3.3","3.5","3.8","3.6","3.6","3.5","3.7","3.7","3.6","3.8","4","4","3.9","4.1","4.2","4.2","4.3","","",
"Belize","BLZ","Part des revenus détenus par les 10% moins élevés","SI.DST.FRST.10","","","","","","","","","","","","","","","","","","","","","","","","","","","","","","","","","","0.8","1","","1","0.6","1","0.9","","","","","","","","","","","","","","","","","","","","","",
"Bermudes","BMU","Part des revenus détenus par les 10% moins élevés","SI.DST.FRST.10","","","","","","","","","","","","","","","","","","","","","","","","","","","","","","","","","","","","","","","","","","","","","","","","","","","","","","","","","","","","","",
"Bolivie","BOL","Part des revenus détenus par les 10% moins élevés","SI.DST.FRST.10","","","","","","","","","","","","","","","","","","","","","","","","","","","","","","","","","1.6","","","","","0.5","","0.3","0.2","0.5","0.4","","0.9","0.5","0.6","0.8","0.9","0.8","","1.1","0.9","1","1.1","1.1","1.1","1.2","1.5","","",
"Brésil","BRA","Part des revenus détenus par les 10% moins élevés","SI.DST.FRST.10","","","","","","","","","","","","","","","","","","","","","","0.8","0.8","0.8","0.9","0.9","0.9","0.7","0.6","0.6","0.8","","0.8","0.7","","0.8","0.7","0.7","0.7","0.8","","0.8","0.9","0.8","0.9","1","1","1","1","1","","1.1","1.1","1.2","1.2","1.2","1.1","1","1","","",
"Barbade","BRB","Part des revenus détenus par les 10% moins élevés","SI.DST.FRST.10","","","","","","","","","","","","","","","","","","","","","","","","","","","","","","","","","","","","","","","","","","","","","","","","","","","","","","","","","","","","","",
"Brunéi Darussalam","BRN","Part des revenus détenus par les 10% moins élevés","SI.DST.FRST.10","","","","","","","","","","","","","","","","","","","","","","","","","","","","","","","","","","","","","","","","","","","","","","","","","","","","","","","","","","","","","",
"Bhoutan","BTN","Part des revenus détenus par les 10% moins élevés","SI.DST.FRST.10","","","","","","","","","","","","","","","","","","","","","","","","","","","","","","","","","","","","","","","","","","","","2.8","","","","2.7","","","","","2.7","","","","","2.7","","","",
"Botswana","BWA","Part des revenus détenus par les 10% moins élevés","SI.DST.FRST.10","","","","","","","","","","","","","","","","","","","","","","","","","","1.4","","","","","","","","1.2","","","","","","","","","0.8","","","","","","","1.1","","","","","","1.5","","","","","",
"République centrafricaine","CAF","Part des revenus détenus par les 10% moins élevés","SI.DST.FRST.10","","","","","","","","","","","","","","","","","","","","","","","","","","","","","","","","","0.7","","","","","","","","","","","2","","","","","1.2","","","","","","","","","","","","",
"Canada","CAN","Part des revenus détenus par les 10% moins élevés","SI.DST.FRST.10","","","","","","","","","","","","1.7","","","","2.4","","","","","","2.6","","","","","","2.8","","","","2.9","","","2.9","","","2.8","2.7","","2.7","","","","2.6","","","2.7","","","2.7","","","2.4","","","","2.7","","","",
"Europe centrale et les pays baltes","CEB","Part des revenus détenus par les 10% moins élevés","SI.DST.FRST.10","","","","","","","","","","","","","","","","","","","","","","","","","","","","","","","","","","","","","","","","","","","","","","","","","","","","","","","","","","","","","",
"Suisse","CHE","Part des revenus détenus par les 10% moins élevés","SI.DST.FRST.10","","","","","","","","","","","","","","","","","","","","","","","2.9","","","","","","","","","","2.8","","","","","","","","3.1","","3.3","","","","2.9","2.9","3","3.1","3.1","3.2","3.3","3.3","3.2","3.2","3","3.1","","","",
"Îles Anglo-Normandes","CHI","Part des revenus détenus par les 10% moins élevés","SI.DST.FRST.10","","","","","","","","","","","","","","","","","","","","","","","","","","","","","","","","","","","","","","","","","","","","","","","","","","","","","","","","","","","","","",
"Chili","CHL","Part des revenus détenus par les 10% moins élevés","SI.DST.FRST.10","","","","","","","","","","","","","","","","","","","","","","","","","","","","1.2","","","1.2","","1.4","","1.2","","1.3","","1.3","","1.3","","","1.4","","","1.9","","","1.9","","2.1","","2.1","","2.2","","2.3","","","",
"Chine","CHN","Part des revenus détenus par les 10% moins élevés","SI.DST.FRST.10","","","","","","","","","","","","","","","","","","","","","","","","","","","","","","","3.5","","","","","","3.1","","","2.7","","","2.3","","","2.4","","","2.1","","2","2.1","2.1","2.5","2.5","2.6","2.7","","","","",
"Côte d'Ivoire","CIV","Part des revenus détenus par les 10% moins élevés","SI.DST.FRST.10","","","","","","","","","","","","","","","","","","","","","","","","","","1.8","2.8","2.5","2.7","","","","2.3","","","2.7","","","2.6","","","","2.3","","","","","","1.8","","","","","","","2.1","","","","","",
"Cameroun","CMR","Part des revenus détenus par les 10% moins élevés","SI.DST.FRST.10","","","","","","","","","","","","","","","","","","","","","","","","","","","","","","","","","","","","","2.5","","","","","2.5","","","","","","2.5","","","","","","","1.7","","","","","","",
"Congo, République démocratique du","COD","Part des revenus détenus par les 10% moins élevés","SI.DST.FRST.10","","","","","","","","","","","","","","","","","","","","","","","","","","","","","","","","","","","","","","","","","","","","","2.2","","","","","","","","2.1","","","","","","","","",
"Congo, République du","COG","Part des revenus détenus par les 10% moins élevés","SI.DST.FRST.10","","","","","","","","","","","","","","","","","","","","","","","","","","","","","","","","","","","","","","","","","","","","","","2","","","","","","1.6","","","","","","","","","",
"Colombie","COL","Part des revenus détenus par les 10% moins élevés","SI.DST.FRST.10","","","","","","","","","","","","","","","","","","","","","","","","","","","","","","","","","1.1","","","","0.5","","","0.3","0.1","0.5","1","1.1","1.2","1.2","","","0.9","1.1","1.1","1.2","1.2","1.2","1.2","1.3","1.3","1.4","1.4","","",
"Comores","COM","Part des revenus détenus par les 10% moins élevés","SI.DST.FRST.10","","","","","","","","","","","","","","","","","","","","","","","","","","","","","","","","","","","","","","","","","","","","","1.5","","","","","","","","","","1.6","","","","","","",
"Cabo Verde","CPV","Part des revenus détenus par les 10% moins élevés","SI.DST.FRST.10","","","","","","","","","","","","","","","","","","","","","","","","","","","","","","","","","","","","","","","","","","1.6","","","","","","2","","","","","","","","2.2","","","","","",
"Costa Rica","CRI","Part des revenus détenus par les 10% moins élevés","SI.DST.FRST.10","","","","","","","","","","","","","","","","","","","","","","1.1","","","","","1.5","","","0.6","1","1","1.1","1","1.1","1.1","1","1.3","1.4","1.2","1.1","1.1","1.1","1.2","1.3","1.4","1.4","1.5","1.5","1.3","1.6","1.5","1.5","1.4","1.5","1.5","1.5","1.6","1.5","","",
"Petits états des Caraïbes","CSS","Part des revenus détenus par les 10% moins élevés","SI.DST.FRST.10","","","","","","","","","","","","","","","","","","","","","","","","","","","","","","","","","","","","","","","","","","","","","","","","","","","","","","","","","","","","","",
"Cuba","CUB","Part des revenus détenus par les 10% moins élevés","SI.DST.FRST.10","","","","","","","","","","","","","","","","","","","","","","","","","","","","","","","","","","","","","","","","","","","","","","","","","","","","","","","","","","","","","",
"Curacao","CUW","Part des revenus détenus par les 10% moins élevés","SI.DST.FRST.10","","","","","","","","","","","","","","","","","","","","","","","","","","","","","","","","","","","","","","","","","","","","","","","","","","","","","","","","","","","","","",
"Îles Caïmans","CYM","Part des revenus détenus par les 10% moins élevés","SI.DST.FRST.10","","","","","","","","","","","","","","","","","","","","","","","","","","","","","","","","","","","","","","","","","","","","","","","","","","","","","","","","","","","","","",
"Chypre","CYP","Part des revenus détenus par les 10% moins élevés","SI.DST.FRST.10","","","","","","","","","","","","","","","","","","","","","","","","","","","","","","","","","","","","","","","","","","","","","3.6","3.8","3.7","3.7","3.7","3.5","3.6","3.4","3.3","3.1","3","3.2","3.4","3.4","","","",
"République tchèque","CZE","Part des revenus détenus par les 10% moins élevés","SI.DST.FRST.10","","","","","","","","","","","","","","","","","","","","","","","","","","","","","","","","","5.1","4.6","","","4","","","","","","4","","3.6","3.8","3.7","3.9","3.9","3.8","3.7","3.7","3.9","3.8","3.8","3.9","4","4.2","","","",
"Allemagne","DEU","Part des revenus détenus par les 10% moins élevés","SI.DST.FRST.10","","","","","","","","","","","","","","","","","","","","","","","","","","","","","","","","3.7","","","3.4","3.4","","","3.6","","3.5","3.5","3.4","3.4","3.4","3.2","3.4","3.4","3.3","3.3","3.4","3.5","","3.3","","3.1","2.9","","","","",
"Djibouti","DJI","Part des revenus détenus par les 10% moins élevés","SI.DST.FRST.10","","","","","","","","","","","","","","","","","","","","","","","","","","","","","","","","","","","","","","","","","","","2.3","","","","","","","","","","1.3","1.7","","","","1.9","","","",
"Dominique","DMA","Part des revenus détenus par les 10% moins élevés","SI.DST.FRST.10","","","","","","","","","","","","","","","","","","","","","","","","","","","","","","","","","","","","","","","","","","","","","","","","","","","","","","","","","","","","","",
"Danemark","DNK","Part des revenus détenus par les 10% moins élevés","SI.DST.FRST.10","","","","","","","","","","","","","","","","","","","","","","","","","","","","3.6","","","","","3.8","","","4.5","","","","","4.4","","","4","4","4","4","3.9","3.9","3.5","3.7","3.7","3.7","3.6","3.4","3.7","3.7","3.7","","","",
"République dominicaine","DOM","Part des revenus détenus par les 10% moins élevés","SI.DST.FRST.10","","","","","","","","","","","","","","","","","","","","","","","","","","","1.4","","","1.7","","","1.6","","","","1.5","1.3","","","1.2","1.5","1.3","1.3","1.4","1.5","1.4","1.6","1.7","1.7","1.8","1.8","1.9","1.9","1.9","1.9","1.8","2.3","2.3","","",
"Algérie","DZA","Part des revenus détenus par les 10% moins élevés","SI.DST.FRST.10","","","","","","","","","","","","","","","","","","","","","","","","","","","","","2.7","","","","","","","2.9","","","","","","","","","","","","","","","","4","","","","","","","","","",
"Asie de l’Est et Pacifique (hors revenu élevé)","EAP","Part des revenus détenus par les 10% moins élevés","SI.DST.FRST.10","","","","","","","","","","","","","","","","","","","","","","","","","","","","","","","","","","","","","","","","","","","","","","","","","","","","","","","","","","","","","",
"de dividende précoce démographique","EAR","Part des revenus détenus par les 10% moins élevés","SI.DST.FRST.10","","","","","","","","","","","","","","","","","","","","","","","","","","","","","","","","","","","","","","","","","","","","","","","","","","","","","","","","","","","","","",
"Asie de l’Est et Pacifique","EAS","Part des revenus détenus par les 10% moins élevés","SI.DST.FRST.10","","","","","","","","","","","","","","","","","","","","","","","","","","","","","","","","","","","","","","","","","","","","","","","","","","","","","","","","","","","","","",
"Europe et Asie centrale (hors revenu élevé)","ECA","Part des revenus détenus par les 10% moins élevés","SI.DST.FRST.10","","","","","","","","","","","","","","","","","","","","","","","","","","","","","","","","","","","","","","","","","","","","","","","","","","","","","","","","","","","","","",
"Europe et Asie centrale","ECS","Part des revenus détenus par les 10% moins élevés","SI.DST.FRST.10","","","","","","","","","","","","","","","","","","","","","","","","","","","","","","","","","","","","","","","","","","","","","","","","","","","","","","","","","","","","","",
"Équateur","ECU","Part des revenus détenus par les 10% moins élevés","SI.DST.FRST.10","","","","","","","","","","","","","","","","","","","","","","","","","","","","","","","","","","","0.9","","","","","0.7","0.9","","","1.1","1","1.1","1.3","1.1","1.3","1.4","1.4","1.5","1.5","1.6","1.7","1.6","1.6","1.6","1.6","","",
"Égypte, République arabe d’","EGY","Part des revenus détenus par les 10% moins élevés","SI.DST.FRST.10","","","","","","","","","","","","","","","","","","","","","","","","","","","","","","","3.8","","","","","4.2","","","","3.9","","","","","3.9","","","","3.9","","4.1","","4.3","","","3.9","","3.8","","","",
"Zone euro","EMU","Part des revenus détenus par les 10% moins élevés","SI.DST.FRST.10","","","","","","","","","","","","","","","","","","","","","","","","","","","","","","","","","","","","","","","","","","","","","","","","","","","","","","","","","","","","","",
"Érythrée","ERI","Part des revenus détenus par les 10% moins élevés","SI.DST.FRST.10","","","","","","","","","","","","","","","","","","","","","","","","","","","","","","","","","","","","","","","","","","","","","","","","","","","","","","","","","","","","","",
"Espagne","ESP","Part des revenus détenus par les 10% moins élevés","SI.DST.FRST.10","","","","","","","","","","","","","","","","","","","","","2.6","","","","","2.7","","","","","2.9","","","","","2.1","","","","","2.7","","","2.6","2.4","2.5","2.3","2.4","2.3","2.1","2.1","1.9","2","1.8","1.8","1.9","1.8","2.1","","","",
"Estonie","EST","Part des revenus détenus par les 10% moins élevés","SI.DST.FRST.10","","","","","","","","","","","","","","","","","","","","","","","","","","","","","","","","","","","","","","","","","","","","2","2.5","2.7","2.8","3","2.9","2.8","2.5","2.6","2.6","2.4","2.4","2.7","2.9","3","","","",
"Éthiopie","ETH","Part des revenus détenus par les 10% moins élevés","SI.DST.FRST.10","","","","","","","","","","","","","","","","","","","","","","","","","","","","","","","","","","","","2.6","","","","3.8","","","","","4.1","","","","","","3.2","","","","","2.9","","","","","",
"Union européenne","EUU","Part des revenus détenus par les 10% moins élevés","SI.DST.FRST.10","","","","","","","","","","","","","","","","","","","","","","","","","","","","","","","","","","","","","","","","","","","","","","","","","","","","","","","","","","","","","",
"Fragile et les situations de conflit touchées","FCS","Part des revenus détenus par les 10% moins élevés","SI.DST.FRST.10","","","","","","","","","","","","","","","","","","","","","","","","","","","","","","","","","","","","","","","","","","","","","","","","","","","","","","","","","","","","","",
"Finlande","FIN","Part des revenus détenus par les 10% moins élevés","SI.DST.FRST.10","","","","","","","","","","","","","","","","","","","","","","","","","","","","4.6","","","","4.5","","","","4.7","","","","","4","","","3.9","3.9","4","3.8","3.8","3.8","3.8","3.7","3.8","3.9","3.8","3.9","3.8","3.9","3.8","","","",
"Fidji","FJI","Part des revenus détenus par les 10% moins élevés","SI.DST.FRST.10","","","","","","","","","","","","","","","","","","","","","","","","","","","","","","","","","","","","","","","","","","","2.7","","","","","","2.7","","","","","3.1","","","","","","","",
"France","FRA","Part des revenus détenus par les 10% moins élevés","SI.DST.FRST.10","","","","","","","","","","","","","","","","","","","2.5","","","","","","2.2","","","","","2.8","","","","","3.2","","","","","","3.3","","","3.3","3.4","3.5","3.4","3.3","3.2","3","3","3.1","3.1","3.2","3.2","3.1","3.2","3.2","","","",
"Îles Féroé","FRO","Part des revenus détenus par les 10% moins élevés","SI.DST.FRST.10","","","","","","","","","","","","","","","","","","","","","","","","","","","","","","","","","","","","","","","","","","","","","","","","","","","","","","","","","","","","","",
"Micronésie, États fédérés de","FSM","Part des revenus détenus par les 10% moins élevés","SI.DST.FRST.10","","","","","","","","","","","","","","","","","","","","","","","","","","","","","","","","","","","","","","","","","","","","","","2.2","","","","","","","","1.9","","","","","","","",
"Gabon","GAB","Part des revenus détenus par les 10% moins élevés","SI.DST.FRST.10","","","","","","","","","","","","","","","","","","","","","","","","","","","","","","","","","","","","","","","","","","","","","","2.3","","","","","","","","","","","","2.2","","","",
"Royaume-Uni","GBR","Part des revenus détenus par les 10% moins élevés","SI.DST.FRST.10","","","","","","","","","","3.2","","","","","3.6","","","","","3.6","","","","","","","2.8","","","","","2.6","","","2.8","2.4","","","","2.6","","","","","2.5","2.6","2.7","2.6","2.7","2.8","2.9","2.9","3.1","2.9","2.9","2.9","2.8","","","","",
"Géorgie","GEO","Part des revenus détenus par les 10% moins élevés","SI.DST.FRST.10","","","","","","","","","","","","","","","","","","","","","","","","","","","","","","","","","","","","","2.3","1.8","1.7","1.9","1.8","2","2.3","2.3","2.3","2.3","2.3","2.3","2.3","2.3","2.1","2","2.2","2.3","2.4","2.6","2.6","2.3","2.4","","",
"Ghana","GHA","Part des revenus détenus par les 10% moins élevés","SI.DST.FRST.10","","","","","","","","","","","","","","","","","","","","","","","","","","","","2.8","2.9","","","2.6","","","","","","","2.2","","","","","","","1.9","","","","","","","2","","","","1.6","","","","",
"Gibraltar","GIB","Part des revenus détenus par les 10% moins élevés","SI.DST.FRST.10","","","","","","","","","","","","","","","","","","","","","","","","","","","","","","","","","","","","","","","","","","","","","","","","","","","","","","","","","","","","","",
"Guinée","GIN","Part des revenus détenus par les 10% moins élevés","SI.DST.FRST.10","","","","","","","","","","","","","","","","","","","","","","","","","","","","","","","","0.9","","","2.1","","","","","","","","2.3","","","","","2.5","","","","","3","","","","","","","","",
"Gambie","GMB","Part des revenus détenus par les 10% moins élevés","SI.DST.FRST.10","","","","","","","","","","","","","","","","","","","","","","","","","","","","","","","","","","","","","","","1.5","","","","","1.8","","","","","","","2.2","","","","","3","","","","","",
"Guinée-Bissau","GNB","Part des revenus détenus par les 10% moins élevés","SI.DST.FRST.10","","","","","","","","","","","","","","","","","","","","","","","","","","","","","","","","","","2.2","","","","","","","","","2.9","","","","","","","","1.6","","","","","","","","","","",
"Guinée équatoriale","GNQ","Part des revenus détenus par les 10% moins élevés","SI.DST.FRST.10","","","","","","","","","","","","","","","","","","","","","","","","","","","","","","","","","","","","","","","","","","","","","","","","","","","","","","","","","","","","","",
"Grèce","GRC","Part des revenus détenus par les 10% moins élevés","SI.DST.FRST.10","","","","","","","","","","","","","","","","","","","","","","","","","","","","","","","","","","","","2","","","","","2.5","","","2.7","2.6","2.6","2.5","2.6","2.6","2.6","2.4","2","1.9","2","2","1.9","2.2","2.4","","","",
"Grenade","GRD","Part des revenus détenus par les 10% moins élevés","SI.DST.FRST.10","","","","","","","","","","","","","","","","","","","","","","","","","","","","","","","","","","","","","","","","","","","","","","","","","","","","","","","","","","","","","",
"Groenland","GRL","Part des revenus détenus par les 10% moins élevés","SI.DST.FRST.10","","","","","","","","","","","","","","","","","","","","","","","","","","","","","","","","","","","","","","","","","","","","","","","","","","","","","","","","","","","","","",
"Guatemala","GTM","Part des revenus détenus par les 10% moins élevés","SI.DST.FRST.10","","","","","","","","","","","","","","","","","","","","","","","","","","","1","","","0.7","","","","","","","","","","","1.2","","","","","","1.1","","","","","","","","1.7","","","","","","",
"Guam","GUM","Part des revenus détenus par les 10% moins élevés","SI.DST.FRST.10","","","","","","","","","","","","","","","","","","","","","","","","","","","","","","","","","","","","","","","","","","","","","","","","","","","","","","","","","","","","","",
"Guyane","GUY","Part des revenus détenus par les 10% moins élevés","SI.DST.FRST.10","","","","","","","","","","","","","","","","","","","","","","","","","","","","","","","","","","","","","","","1.5","","","","","","","","","","","","","","","","","","","","","","",
"Revenu élevé","HIC","Part des revenus détenus par les 10% moins élevés","SI.DST.FRST.10","","","","","","","","","","","","","","","","","","","","","","","","","","","","","","","","","","","","","","","","","","","","","","","","","","","","","","","","","","","","","",
"Chine, RAS de Hong Kong","HKG","Part des revenus détenus par les 10% moins élevés","SI.DST.FRST.10","","","","","","","","","","","","","","","","","","","","","","","","","","","","","","","","","","","","","","","","","","","","","","","","","","","","","","","","","","","","","",
"Honduras","HND","Part des revenus détenus par les 10% moins élevés","SI.DST.FRST.10","","","","","","","","","","","","","","","","","","","","","","","","","","","","","","1","1","1.2","1.3","1.2","1","1","0.9","1.2","0.5","0.5","","0.8","0.8","0.7","0.7","0.5","0.6","0.9","0.9","1.1","1.1","0.8","0.9","1.1","1.3","1.3","1","1.1","0.9","","",
"Pays pauvres très endettés (PPTE)","HPC","Part des revenus détenus par les 10% moins élevés","SI.DST.FRST.10","","","","","","","","","","","","","","","","","","","","","","","","","","","","","","","","","","","","","","","","","","","","","","","","","","","","","","","","","","","","","",
"Croatie","HRV","Part des revenus détenus par les 10% moins élevés","SI.DST.FRST.10","","","","","","","","","","","","","","","","","","","","","","","","","","","","","","","","","","","","","","","","","","","","","","","","","","2.5","2.4","2.5","2.5","2.5","2.6","2.7","2.7","2.7","","","",
"Haïti","HTI","Part des revenus détenus par les 10% moins élevés","SI.DST.FRST.10","","","","","","","","","","","","","","","","","","","","","","","","","","","","","","","","","","","","","","","","","","","","","","","","","","","","","2.1","","","","","","","","",
"Hongrie","HUN","Part des revenus détenus par les 10% moins élevés","SI.DST.FRST.10","","","","","","","","","","","","","","","","","","","","","","","","","","","","","","","","","","","","","","","","","","","","","3.3","2.6","3.4","3.5","3.6","3.6","3.2","3.1","2.9","2.9","2.9","3","3.1","3","","","",
"BIRD seulement","IBD","Part des revenus détenus par les 10% moins élevés","SI.DST.FRST.10","","","","","","","","","","","","","","","","","","","","","","","","","","","","","","","","","","","","","","","","","","","","","","","","","","","","","","","","","","","","","",
"BIRD et IDA","IBT","Part des revenus détenus par les 10% moins élevés","SI.DST.FRST.10","","","","","","","","","","","","","","","","","","","","","","","","","","","","","","","","","","","","","","","","","","","","","","","","","","","","","","","","","","","","","",
"IDA totale","IDA","Part des revenus détenus par les 10% moins élevés","SI.DST.FRST.10","","","","","","","","","","","","","","","","","","","","","","","","","","","","","","","","","","","","","","","","","","","","","","","","","","","","","","","","","","","","","",
"IDA mélange","IDB","Part des revenus détenus par les 10% moins élevés","SI.DST.FRST.10","","","","","","","","","","","","","","","","","","","","","","","","","","","","","","","","","","","","","","","","","","","","","","","","","","","","","","","","","","","","","",
"Indonésie","IDN","Part des revenus détenus par les 10% moins élevés","SI.DST.FRST.10","","","","","","","","","","","","","","","","","","","","","","","","","3.5","","","4","","","4","","","3.9","","","3.6","","3.8","3.9","4.2","4.2","4","3.8","3.6","3.6","3.4","3.4","3.4","3.4","3.3","3","3.1","3.1","3.1","3","2.9","2.9","2.9","","",
"IDA seulement","IDX","Part des revenus détenus par les 10% moins élevés","SI.DST.FRST.10","","","","","","","","","","","","","","","","","","","","","","","","","","","","","","","","","","","","","","","","","","","","","","","","","","","","","","","","","","","","","",
"Île de Man","IMN","Part des revenus détenus par les 10% moins élevés","SI.DST.FRST.10","","","","","","","","","","","","","","","","","","","","","","","","","","","","","","","","","","","","","","","","","","","","","","","","","","","","","","","","","","","","","",
"Inde","IND","Part des revenus détenus par les 10% moins élevés","SI.DST.FRST.10","","","","","","","","","","","","","","","","","","","","","","","","3.6","","","","3.8","","","","","","3.8","","","","","","","","","","","3.7","","","","","3.5","","3.5","","","","","","","","","",
"Non classifié","INX","Part des revenus détenus par les 10% moins élevés","SI.DST.FRST.10","","","","","","","","","","","","","","","","","","","","","","","","","","","","","","","","","","","","","","","","","","","","","","","","","","","","","","","","","","","","","",
"Irlande","IRL","Part des revenus détenus par les 10% moins élevés","SI.DST.FRST.10","","","","","","","","","","","","","","","","","","","","","","","","","","","","2.7","","","","","","","2.9","2.8","2.9","","","","3.1","","","3.1","3","3.1","3.1","3.3","3.3","3","2.8","2.8","3","2.8","3.1","3.1","3.1","","","","",
"Iran, République islamique d’","IRN","Part des revenus détenus par les 10% moins élevés","SI.DST.FRST.10","","","","","","","","","","","","","","","","","","","","","","","","","","","1.8","","","","2.1","","","","2.2","","","","2.1","","","","","","","2","2","","","2","","","","2.7","2.4","2.4","2.4","2.3","","","",
"Iraq","IRQ","Part des revenus détenus par les 10% moins élevés","SI.DST.FRST.10","","","","","","","","","","","","","","","","","","","","","","","","","","","","","","","","","","","","","","","","","","","","","","","3.9","","","","","","3.7","","","","","","","","",
"Islande","ISL","Part des revenus détenus par les 10% moins élevés","SI.DST.FRST.10","","","","","","","","","","","","","","","","","","","","","","","","","","","","","","","","","","","","","","","","","","","","3.8","3.8","3.7","3.6","3.7","3.6","3.7","3.9","3.7","3.8","4.1","3.8","3.9","","","","","",
"Israël","ISR","Part des revenus détenus par les 10% moins élevés","SI.DST.FRST.10","","","","","","","","","","","","","","","","","","","","2.7","","","","","","","2.6","","","","","","2.8","","","","","2.4","","","","2.3","","","","1.8","","1.8","","","1.8","","1.7","","1.7","","1.9","","","","",
"Italie","ITA","Part des revenus détenus par les 10% moins élevés","SI.DST.FRST.10","","","","","","","","","","","","","","","","","","","","","","","","","","","2.9","2.3","","3.1","","3","","2","","2.1","","","1.8","","2.1","","","2.3","2.4","2.4","2.5","2.5","2.4","2.3","2.1","2.1","2","2","2","1.7","1.9","1.9","","","",
"Jamaïque","JAM","Part des revenus détenus par les 10% moins élevés","SI.DST.FRST.10","","","","","","","","","","","","","","","","","","","","","","","","","","","","","2.1","","2.5","","","2.7","","","2.5","","","2","","","1.8","","2.1","","","","","","","","","","","","","","","","",
"Jordanie","JOR","Part des revenus détenus par les 10% moins élevés","SI.DST.FRST.10","","","","","","","","","","","","","","","","","","","","","","","","","","","3.1","","","","","","2.5","","","","","3.3","","","","","3","","","","3.3","","3.6","","3.5","","","","","","","","","","",
"Japon","JPN","Part des revenus détenus par les 10% moins élevés","SI.DST.FRST.10","","","","","","","","","","","","","","","","","","","","","","","","","","","","","","","","","","","","","","","","","","","","","","","","","2.3","","3.3","","","2.9","","","","","","","",
"Kazakhstan","KAZ","Part des revenus détenus par les 10% moins élevés","SI.DST.FRST.10","","","","","","","","","","","","","","","","","","","","","","","","","","","","","","","","","","","","","2.7","","","","","2.6","3","3.1","3.4","2.3","3.7","3.8","4","4","4.1","4.1","4.1","4.3","4.3","4.3","4.2","4.3","","","",
"Kenya","KEN","Part des revenus détenus par les 10% moins élevés","SI.DST.FRST.10","","","","","","","","","","","","","","","","","","","","","","","","","","","","","","","","","1.2","","1.9","","","2.3","","","","","","","","1.8","","","","","","","","","","2.4","","","","","",
"République kirghize","KGZ","Part des revenus détenus par les 10% moins élevés","SI.DST.FRST.10","","","","","","","","","","","","","","","","","","","","","","","","","","","","","","","","","","","","","","","1.5","","3.6","3.7","3.6","3.9","3.2","3.5","3.1","3.1","3.5","3.9","3.5","4.2","4","4","4.4","4.1","4.4","4.3","4.3","","",
"Cambodge","KHM","Part des revenus détenus par les 10% moins élevés","SI.DST.FRST.10","","","","","","","","","","","","","","","","","","","","","","","","","","","","","","","","","","","","","","","","","","","","","","","","","","","","","","","","","","","","","",
"Kiribati","KIR","Part des revenus détenus par les 10% moins élevés","SI.DST.FRST.10","","","","","","","","","","","","","","","","","","","","","","","","","","","","","","","","","","","","","","","","","","","","","","","2.6","","","","","","","","","","","","","","",
"Saint-Kitts-et-Nevis","KNA","Part des revenus détenus par les 10% moins élevés","SI.DST.FRST.10","","","","","","","","","","","","","","","","","","","","","","","","","","","","","","","","","","","","","","","","","","","","","","","","","","","","","","","","","","","","","",
"Corée, République de","KOR","Part des revenus détenus par les 10% moins élevés","SI.DST.FRST.10","","","","","","","","","","","","","","","","","","","","","","","","","","","","","","","","","","","","","","","","","","","","","","","2.7","","2.6","","2.6","","2.6","","","","","","","","",
"Koweït","KWT","Part des revenus détenus par les 10% moins élevés","SI.DST.FRST.10","","","","","","","","","","","","","","","","","","","","","","","","","","","","","","","","","","","","","","","","","","","","","","","","","","","","","","","","","","","","","",
"Amérique latine et Caraïbes (hors revenu élevé)","LAC","Part des revenus détenus par les 10% moins élevés","SI.DST.FRST.10","","","","","","","","","","","","","","","","","","","","","","","","","","","","","","","","","","","","","","","","","","","","","","","","","","","","","","","","","","","","","",
"République démocratique populaire lao","LAO","Part des revenus détenus par les 10% moins élevés","SI.DST.FRST.10","","","","","","","","","","","","","","","","","","","","","","","","","","","","","","","","","3.5","","","","","3.4","","","","","3.7","","","","","3.3","","","","","3.2","","","","","","","","",
"Liban","LBN","Part des revenus détenus par les 10% moins élevés","SI.DST.FRST.10","","","","","","","","","","","","","","","","","","","","","","","","","","","","","","","","","","","","","","","","","","","","","","","","","","","","3.1","","","","","","","","","",
"Libéria","LBR","Part des revenus détenus par les 10% moins élevés","SI.DST.FRST.10","","","","","","","","","","","","","","","","","","","","","","","","","","","","","","","","","","","","","","","","","","","","","","","","2.4","","","","","","","3.2","","2.9","","","","",
"Libye","LBY","Part des revenus détenus par les 10% moins élevés","SI.DST.FRST.10","","","","","","","","","","","","","","","","","","","","","","","","","","","","","","","","","","","","","","","","","","","","","","","","","","","","","","","","","","","","","",
"Sainte-Lucie","LCA","Part des revenus détenus par les 10% moins élevés","SI.DST.FRST.10","","","","","","","","","","","","","","","","","","","","","","","","","","","","","","","","","","","","2","","","","","","","","","","","","","","","","","","","","","0.9","","","","",
"Amérique latine et Caraïbes","LCN","Part des revenus détenus par les 10% moins élevés","SI.DST.FRST.10","","","","","","","","","","","","","","","","","","","","","","","","","","","","","","","","","","","","","","","","","","","","","","","","","","","","","","","","","","","","","",
"Pays les moins avancés : classement de l’ONU","LDC","Part des revenus détenus par les 10% moins élevés","SI.DST.FRST.10","","","","","","","","","","","","","","","","","","","","","","","","","","","","","","","","","","","","","","","","","","","","","","","","","","","","","","","","","","","","","",
"Faible revenu","LIC","Part des revenus détenus par les 10% moins élevés","SI.DST.FRST.10","","","","","","","","","","","","","","","","","","","","","","","","","","","","","","","","","","","","","","","","","","","","","","","","","","","","","","","","","","","","","",
"Liechtenstein","LIE","Part des revenus détenus par les 10% moins élevés","SI.DST.FRST.10","","","","","","","","","","","","","","","","","","","","","","","","","","","","","","","","","","","","","","","","","","","","","","","","","","","","","","","","","","","","","",
"Sri Lanka","LKA","Part des revenus détenus par les 10% moins élevés","SI.DST.FRST.10","","","","","","","","","","","","","","","","","","","","","","","","","","3.6","","","","","3.7","","","","","3.4","","","","","","","2.9","","","","2.9","","","3.2","","","3","","","","2.9","","","","",
"Revenu intermédiaire, tranche inférieure","LMC","Part des revenus détenus par les 10% moins élevés","SI.DST.FRST.10","","","","","","","","","","","","","","","","","","","","","","","","","","","","","","","","","","","","","","","","","","","","","","","","","","","","","","","","","","","","","",
"Revenu faible et intermédiaire","LMY","Part des revenus détenus par les 10% moins élevés","SI.DST.FRST.10","","","","","","","","","","","","","","","","","","","","","","","","","","","","","","","","","","","","","","","","","","","","","","","","","","","","","","","","","","","","","",
"Lesotho","LSO","Part des revenus détenus par les 10% moins élevés","SI.DST.FRST.10","","","","","","","","","","","","","","","","","","","","","","","","","","","1","","","","","","","","0.5","","","","","","","","0.9","","","","","","","","","","","","","","","1.7","","","",
"de dividende tardif démographique","LTE","Part des revenus détenus par les 10% moins élevés","SI.DST.FRST.10","","","","","","","","","","","","","","","","","","","","","","","","","","","","","","","","","","","","","","","","","","","","","","","","","","","","","","","","","","","","","",
"Lituanie","LTU","Part des revenus détenus par les 10% moins élevés","SI.DST.FRST.10","","","","","","","","","","","","","","","","","","","","","","","","","","","","","","","","","","","","","","","","","","","","","2","2.2","2.3","2.4","2.3","1.8","2.2","2.6","2.4","2.5","2.1","2.1","2","2.1","","","",
"Luxembourg","LUX","Part des revenus détenus par les 10% moins élevés","SI.DST.FRST.10","","","","","","","","","","","","","","","","","","","","","","","","","","4","","","","","","4.2","","","4.1","","","3.4","","","3.5","","","3.3","3.3","3.3","3.3","3.3","3.2","3.3","3.3","3.2","3","3.1","3.2","2.8","2.8","2.4","","","",
"Lettonie","LVA","Part des revenus détenus par les 10% moins élevés","SI.DST.FRST.10","","","","","","","","","","","","","","","","","","","","","","","","","","","","","","","","","","","","","","","","","","","","","2.2","2","2.4","2.3","2.1","1.9","2.1","2.3","2.3","2.3","2.3","2.5","2.5","2.3","","","",
"Région administrative spéciale de Macao, Chine","MAC","Part des revenus détenus par les 10% moins élevés","SI.DST.FRST.10","","","","","","","","","","","","","","","","","","","","","","","","","","","","","","","","","","","","","","","","","","","","","","","","","","","","","","","","","","","","","",
"Saint-Martin (fr)","MAF","Part des revenus détenus par les 10% moins élevés","SI.DST.FRST.10","","","","","","","","","","","","","","","","","","","","","","","","","","","","","","","","","","","","","","","","","","","","","","","","","","","","","","","","","","","","","",
"Maroc","MAR","Part des revenus détenus par les 10% moins élevés","SI.DST.FRST.10","","","","","","","","","","","","","","","","","","","","","","","","","2.7","","","","","","2.8","","","","","","","","2.8","","2.6","","","","","","2.6","","","","","","","2.7","","","","","","","",
"Monaco","MCO","Part des revenus détenus par les 10% moins élevés","SI.DST.FRST.10","","","","","","","","","","","","","","","","","","","","","","","","","","","","","","","","","","","","","","","","","","","","","","","","","","","","","","","","","","","","","",
"Moldova","MDA","Part des revenus détenus par les 10% moins élevés","SI.DST.FRST.10","","","","","","","","","","","","","","","","","","","","","","","","","","","","","","","","","","","","","","2.4","2.2","2.3","2.7","2.6","2.8","3.1","3","2.9","2.8","3","2.9","3.1","3.3","3.5","3.8","3.9","4.2","4.1","4.3","4.3","4.4","","",
"Madagascar","MDG","Part des revenus détenus par les 10% moins élevés","SI.DST.FRST.10","","","","","","","","","","","","","","","","","","","","","2","","","","","","","","","","","","","2","","","","2.3","","2.5","","1.9","","","","2.7","","","","","2.4","","2.2","","","","","","","","",
"Maldives","MDV","Part des revenus détenus par les 10% moins élevés","SI.DST.FRST.10","","","","","","","","","","","","","","","","","","","","","","","","","","","","","","","","","","","","","","","","","","","2.7","","","","","","","2.5","","","","","","","3.4","","","","",
"Afrique du Nord et Moyen-Orient","MEA","Part des revenus détenus par les 10% moins élevés","SI.DST.FRST.10","","","","","","","","","","","","","","","","","","","","","","","","","","","","","","","","","","","","","","","","","","","","","","","","","","","","","","","","","","","","","",
"Mexique","MEX","Part des revenus détenus par les 10% moins élevés","SI.DST.FRST.10","","","","","","","","","","","","","","","","","","","","","","","","","","","","","","1.3","","","1.2","","1.1","","0.8","","1","","1.3","","1.5","","1.5","1.4","1.6","","1.4","","1.6","","1.6","","1.7","","1.9","","2","","",
"Îles Marshall","MHL","Part des revenus détenus par les 10% moins élevés","SI.DST.FRST.10","","","","","","","","","","","","","","","","","","","","","","","","","","","","","","","","","","","","","","","","","","","","","","","","","","","","","","","","","","","","","",
"Revenu intermédiaire","MIC","Part des revenus détenus par les 10% moins élevés","SI.DST.FRST.10","","","","","","","","","","","","","","","","","","","","","","","","","","","","","","","","","","","","","","","","","","","","","","","","","","","","","","","","","","","","","",
"Macédoine du Nord","MKD","Part des revenus détenus par les 10% moins élevés","SI.DST.FRST.10","","","","","","","","","","","","","","","","","","","","","","","","","","","","","","","","","","","","","","","","","","","","","","","","","","1.2","0.8","1.2","1.5","1.9","1.8","1.7","1.8","1.7","","","",
"Mali","MLI","Part des revenus détenus par les 10% moins élevés","SI.DST.FRST.10","","","","","","","","","","","","","","","","","","","","","","","","","","","","","","","","","","","1.7","","","","","","","2.5","","","","","2.5","","","3.3","","","","","","","","","","","",
"Malte","MLT","Part des revenus détenus par les 10% moins élevés","SI.DST.FRST.10","","","","","","","","","","","","","","","","","","","","","","","","","","","","","","","","","","","","","","","","","","","","","","","3.4","3.2","3.5","3.2","3.4","3.4","3.4","3.5","3.5","3.4","3.5","3.4","","","",
"Myanmar","MMR","Part des revenus détenus par les 10% moins élevés","SI.DST.FRST.10","","","","","","","","","","","","","","","","","","","","","","","","","","","","","","","","","","","","","","","","","","","","","","","","","","","","","","","","3","","3.8","","","",
"Afrique du Nord et Moyen-Orient (hors revenu élevé)","MNA","Part des revenus détenus par les 10% moins élevés","SI.DST.FRST.10","","","","","","","","","","","","","","","","","","","","","","","","","","","","","","","","","","","","","","","","","","","","","","","","","","","","","","","","","","","","","",
"Monténégro","MNE","Part des revenus détenus par les 10% moins élevés","SI.DST.FRST.10","","","","","","","","","","","","","","","","","","","","","","","","","","","","","","","","","","","","","","","","","","","","","","","","","","","","","1.6","1.7","1.8","1.8","","","","","",
"Mongolie","MNG","Part des revenus détenus par les 10% moins élevés","SI.DST.FRST.10","","","","","","","","","","","","","","","","","","","","","","","","","","","","","","","","","","","","3.1","","","3","","","","3","","","","","3","","","3.2","3.2","3.1","","3.3","","3.3","","3.3","","",
"Mariannes","MNP","Part des revenus détenus par les 10% moins élevés","SI.DST.FRST.10","","","","","","","","","","","","","","","","","","","","","","","","","","","","","","","","","","","","","","","","","","","","","","","","","","","","","","","","","","","","","",
"Mozambique","MOZ","Part des revenus détenus par les 10% moins élevés","SI.DST.FRST.10","","","","","","","","","","","","","","","","","","","","","","","","","","","","","","","","","","","","","1.5","","","","","","2.1","","","","","","1.9","","","","","","1.6","","","","","","",
"Mauritanie","MRT","Part des revenus détenus par les 10% moins élevés","SI.DST.FRST.10","","","","","","","","","","","","","","","","","","","","","","","","","","","","1.4","","","","","","2","","2.4","","","","","2.5","","","","2.6","","","","2.6","","","","","","3","","","","","","",
"Maurice","MUS","Part des revenus détenus par les 10% moins élevés","SI.DST.FRST.10","","","","","","","","","","","","","","","","","","","","","","","","","","","","","","","","","","","","","","","","","","","","","","","3.1","","","","","","2.8","","","","","2.9","","","",
"Malawi","MWI","Part des revenus détenus par les 10% moins élevés","SI.DST.FRST.10","","","","","","","","","","","","","","","","","","","","","","","","","","","","","","","","","","","","","","1.6","","","","","","","2.9","","","","","","2.2","","","","","","2.6","","","","",
"Malaisie","MYS","Part des revenus détenus par les 10% moins élevés","SI.DST.FRST.10","","","","","","","","","","","","","","","","","","","","","","","","","1.8","","","2","","2.1","","","1.9","","","1.8","","1.7","","","","","","","1.8","","","1.8","1.8","","","2","","2.3","","2.3","","","","","",
"Amérique du Nord","NAC","Part des revenus détenus par les 10% moins élevés","SI.DST.FRST.10","","","","","","","","","","","","","","","","","","","","","","","","","","","","","","","","","","","","","","","","","","","","","","","","","","","","","","","","","","","","","",
"Namibie","NAM","Part des revenus détenus par les 10% moins élevés","SI.DST.FRST.10","","","","","","","","","","","","","","","","","","","","","","","","","","","","","","","","","","","","","","","","","","","","1.1","","","","","","1.3","","","","","","1","","","","","",
"Nouvelle-Calédonie","NCL","Part des revenus détenus par les 10% moins élevés","SI.DST.FRST.10","","","","","","","","","","","","","","","","","","","","","","","","","","","","","","","","","","","","","","","","","","","","","","","","","","","","","","","","","","","","","",
"Niger","NER","Part des revenus détenus par les 10% moins élevés","SI.DST.FRST.10","","","","","","","","","","","","","","","","","","","","","","","","","","","","","","","","","3","","2.4","","","","","","","","","","","2.3","","3.2","","","","3.8","","","3.2","","","","","","",
"Nigéria","NGA","Part des revenus détenus par les 10% moins élevés","SI.DST.FRST.10","","","","","","","","","","","","","","","","","","","","","","","","","","2.5","","","","","","","1.3","","","","1.3","","","","","","","2.1","","","","","","2","","","","","","","","","2.9","","",
"Nicaragua","NIC","Part des revenus détenus par les 10% moins élevés","SI.DST.FRST.10","","","","","","","","","","","","","","","","","","","","","","","","","","","","","","","","","","0.5","","","","","0.9","","","1.4","","","","1.9","","","","2","","","","","2","","","","","","",
"Pays-Bas","NLD","Part des revenus détenus par les 10% moins élevés","SI.DST.FRST.10","","","","","","","","","","","","","","","","","","","","","","","","3.2","","","","4.1","","","3.2","","","2.7","","","","","","3.7","","","","","3.2","3.5","3.5","3.5","3.4","3.6","3.6","3.6","3.7","3.5","3.5","3.5","3.5","3.5","","","",
"Norvège","NOR","Part des revenus détenus par les 10% moins élevés","SI.DST.FRST.10","","","","","","","","","","","","","","","","","","","","3.9","","","","","","","4.3","","","","","4.1","","","","3.9","","","","","4","","","3.8","3.5","3.5","3.5","3.6","3.5","3.7","3.7","3.8","3.7","3.7","3.5","3.5","3.2","3.3","","","",
"Népal","NPL","Part des revenus détenus par les 10% moins élevés","SI.DST.FRST.10","","","","","","","","","","","","","","","","","","","","","","","","","","","","","","","","","","","","3.2","","","","","","","","2.7","","","","","","","3.5","","","","","","","","","","",
"Nauru","NRU","Part des revenus détenus par les 10% moins élevés","SI.DST.FRST.10","","","","","","","","","","","","","","","","","","","","","","","","","","","","","","","","","","","","","","","","","","","","","","","","","","","","","","","","","","","","","",
"Nouvelle-Zélande","NZL","Part des revenus détenus par les 10% moins élevés","SI.DST.FRST.10","","","","","","","","","","","","","","","","","","","","","","","","","","","","","","","","","","","","","","","","","","","","","","","","","","","","","","","","","","","","","",
"Pays membres de l'OCDE","OED","Part des revenus détenus par les 10% moins élevés","SI.DST.FRST.10","","","","","","","","","","","","","","","","","","","","","","","","","","","","","","","","","","","","","","","","","","","","","","","","","","","","","","","","","","","","","",
"Oman","OMN","Part des revenus détenus par les 10% moins élevés","SI.DST.FRST.10","","","","","","","","","","","","","","","","","","","","","","","","","","","","","","","","","","","","","","","","","","","","","","","","","","","","","","","","","","","","","",
"Autres petits états","OSS","Part des revenus détenus par les 10% moins élevés","SI.DST.FRST.10","","","","","","","","","","","","","","","","","","","","","","","","","","","","","","","","","","","","","","","","","","","","","","","","","","","","","","","","","","","","","",
"Pakistan","PAK","Part des revenus détenus par les 10% moins élevés","SI.DST.FRST.10","","","","","","","","","","","","","","","","","","","","","","","","","","","","3.5","","","3.4","","","","","","4.4","","3.7","","","4.1","","","3.8","3.9","","4","","","4.2","4.1","","4","","3.9","","","","","",
"Panama","PAN","Part des revenus détenus par les 10% moins élevés","SI.DST.FRST.10","","","","","","","","","","","","","","","","","","","","1.5","","","","","","","","","","0","","0.1","","","","0.1","","0.3","0.2","0.3","0.5","0.5","0.8","0.7","0.8","0.8","0.7","1","1","1.2","1.1","1.1","1","1.1","1","1.1","1.1","1.1","1.2","","",
"Pérou","PER","Part des revenus détenus par les 10% moins élevés","SI.DST.FRST.10","","","","","","","","","","","","","","","","","","","","","","","","","","","","","","","","","","","","","","0.9","0.9","0.9","1.2","1.1","1.1","1.3","1.3","1.2","1.2","1.2","1.3","1.4","1.5","1.5","1.5","1.6","1.6","1.6","1.6","1.7","1.8","","",
"Philippines","PHL","Part des revenus détenus par les 10% moins élevés","SI.DST.FRST.10","","","","","","","","","","","","","","","","","","","","","","","","","","","","","","","","","","","","","","","","","2.1","","","2.1","","","2","","","2.2","","","2.1","","","2.3","","","","","",
"Palaos","PLW","Part des revenus détenus par les 10% moins élevés","SI.DST.FRST.10","","","","","","","","","","","","","","","","","","","","","","","","","","","","","","","","","","","","","","","","","","","","","","","","","","","","","","","","","","","","","",
"Papouasie-Nouvelle-Guinée","PNG","Part des revenus détenus par les 10% moins élevés","SI.DST.FRST.10","","","","","","","","","","","","","","","","","","","","","","","","","","","","","","","","","","","","","1.9","","","","","","","","","","","","","1.9","","","","","","","","","","","",
"Pologne","POL","Part des revenus détenus par les 10% moins élevés","SI.DST.FRST.10","","","","","","","","","","","","","","","","","","","","","","","","","","","","","","","","","","","","","","","","","","","","","1.9","2.4","2.6","2.7","2.8","2.8","2.8","2.8","2.8","2.7","2.7","2.8","3","3.2","","","",
"de Pré-dividende démographique","PRE","Part des revenus détenus par les 10% moins élevés","SI.DST.FRST.10","","","","","","","","","","","","","","","","","","","","","","","","","","","","","","","","","","","","","","","","","","","","","","","","","","","","","","","","","","","","","",
"Porto Rico","PRI","Part des revenus détenus par les 10% moins élevés","SI.DST.FRST.10","","","","","","","","","","","","","","","","","","","","","","","","","","","","","","","","","","","","","","","","","","","","","","","","","","","","","","","","","","","","","",
"Corée, République démocratique de","PRK","Part des revenus détenus par les 10% moins élevés","SI.DST.FRST.10","","","","","","","","","","","","","","","","","","","","","","","","","","","","","","","","","","","","","","","","","","","","","","","","","","","","","","","","","","","","","",
"Portugal","PRT","Part des revenus détenus par les 10% moins élevés","SI.DST.FRST.10","","","","","","","","","","","","","","","","","","","","","","","","","","","","","","","","","","","","","","","","","","","","2.3","2.4","2.4","2.5","2.6","2.6","2.7","2.7","2.5","2.2","2.1","2.3","2.4","2.4","2.7","","","",
"Paraguay","PRY","Part des revenus détenus par les 10% moins élevés","SI.DST.FRST.10","","","","","","","","","","","","","","","","","","","","","","","","","","","","","","","2.2","","","","","0.7","","0.7","","0.9","","1","1","1.2","1.4","1.3","1.3","1.2","1.5","1.4","1.3","1.2","1.5","1.6","1.4","1.6","1.6","1.7","1.7","","",
"Cisjordanie et Gaza","PSE","Part des revenus détenus par les 10% moins élevés","SI.DST.FRST.10","","","","","","","","","","","","","","","","","","","","","","","","","","","","","","","","","","","","","","","","","","","","","3","2.9","3.2","2.8","","3.2","3.1","3.1","","","","","2.9","","","","",
"Petits états insulaires du Pacifique","PSS","Part des revenus détenus par les 10% moins élevés","SI.DST.FRST.10","","","","","","","","","","","","","","","","","","","","","","","","","","","","","","","","","","","","","","","","","","","","","","","","","","","","","","","","","","","","","",
"de Post-dividende démographique","PST","Part des revenus détenus par les 10% moins élevés","SI.DST.FRST.10","","","","","","","","","","","","","","","","","","","","","","","","","","","","","","","","","","","","","","","","","","","","","","","","","","","","","","","","","","","","","",
"Polynésie française","PYF","Part des revenus détenus par les 10% moins élevés","SI.DST.FRST.10","","","","","","","","","","","","","","","","","","","","","","","","","","","","","","","","","","","","","","","","","","","","","","","","","","","","","","","","","","","","","",
"Qatar","QAT","Part des revenus détenus par les 10% moins élevés","SI.DST.FRST.10","","","","","","","","","","","","","","","","","","","","","","","","","","","","","","","","","","","","","","","","","","","","","","","","","","","","","","","","","","","","","",
"Roumanie","ROU","Part des revenus détenus par les 10% moins élevés","SI.DST.FRST.10","","","","","","","","","","","","","","","","","","","","","","","","","","","","","","","","","","","","","","","","","","","","","","","1.7","1.9","1.9","2.1","1.9","1.8","1.7","1.6","1.5","1.6","1.8","1.6","","","",
"Fédération de Russie","RUS","Part des revenus détenus par les 10% moins élevés","SI.DST.FRST.10","","","","","","","","","","","","","","","","","","","","","","","","","","","","","","","","","","1.7","","","1.6","2.4","2.4","2.4","2.5","2.6","2.6","2.4","2.3","2.3","2.3","2.3","2.4","2.6","2.5","2.6","2.5","2.6","2.6","2.8","2.8","2.9","2.9","","",
"Rwanda","RWA","Part des revenus détenus par les 10% moins élevés","SI.DST.FRST.10","","","","","","","","","","","","","","","","","","","","","","","","","","","","","","","","","","","","","","","","","2","","","","","1.7","","","","","2.3","","","2.4","","","2.4","","","","",
"Asie du Sud","SAS","Part des revenus détenus par les 10% moins élevés","SI.DST.FRST.10","","","","","","","","","","","","","","","","","","","","","","","","","","","","","","","","","","","","","","","","","","","","","","","","","","","","","","","","","","","","","",
"Arabie saoudite","SAU","Part des revenus détenus par les 10% moins élevés","SI.DST.FRST.10","","","","","","","","","","","","","","","","","","","","","","","","","","","","","","","","","","","","","","","","","","","","","","","","","","","","","","","","","","","","","",
"Soudan","SDN","Part des revenus détenus par les 10% moins élevés","SI.DST.FRST.10","","","","","","","","","","","","","","","","","","","","","","","","","","","","","","","","","","","","","","","","","","","","","","","","","","2.6","","","","","3.2","","","","","","",
"Sénégal","SEN","Part des revenus détenus par les 10% moins élevés","SI.DST.FRST.10","","","","","","","","","","","","","","","","","","","","","","","","","","","","","","","","1.4","","","2.6","","","","","","","2.7","","","","2.4","","","","","","2.3","","","","","","","","","",
"Singapour","SGP","Part des revenus détenus par les 10% moins élevés","SI.DST.FRST.10","","","","","","","","","","","","","","","","","","","","","","","","","","","","","","","","","","","","","","","","","","","","","","","","","","","","","","","","","","","","","",
"Îles Salomon","SLB","Part des revenus détenus par les 10% moins élevés","SI.DST.FRST.10","","","","","","","","","","","","","","","","","","","","","","","","","","","","","","","","","","","","","","","","","","","","","","1.9","","","","","","","","2.8","","","","","","","",
"Sierra Leone","SLE","Part des revenus détenus par les 10% moins élevés","SI.DST.FRST.10","","","","","","","","","","","","","","","","","","","","","","","","","","","","","","","","","","","","","","","","","","","","2.7","","","","","","","","3.3","","","","","","","3.4","","",
"El Salvador","SLV","Part des revenus détenus par les 10% moins élevés","SI.DST.FRST.10","","","","","","","","","","","","","","","","","","","","","","","","","","","","","","","","0.6","","","","1.1","1.1","","0.4","0.5","1","0.9","0.9","0.7","1.1","1.2","1.7","1.9","1.7","1.8","1.9","2.1","2.2","2.1","2.2","2.4","2.3","2.5","2.4","","",
"Saint-Marin","SMR","Part des revenus détenus par les 10% moins élevés","SI.DST.FRST.10","","","","","","","","","","","","","","","","","","","","","","","","","","","","","","","","","","","","","","","","","","","","","","","","","","","","","","","","","","","","","",
"Somalie","SOM","Part des revenus détenus par les 10% moins élevés","SI.DST.FRST.10","","","","","","","","","","","","","","","","","","","","","","","","","","","","","","","","","","","","","","","","","","","","","","","","","","","","","","","","","","","","","",
"Serbie","SRB","Part des revenus détenus par les 10% moins élevés","SI.DST.FRST.10","","","","","","","","","","","","","","","","","","","","","","","","","","","","","","","","","","","","","","","","","","","","","","","","","","","","","1.3","1.3","1","1.1","1.1","1.4","","","",
"Afrique subsaharienne (hors revenu élevé)","SSA","Part des revenus détenus par les 10% moins élevés","SI.DST.FRST.10","","","","","","","","","","","","","","","","","","","","","","","","","","","","","","","","","","","","","","","","","","","","","","","","","","","","","","","","","","","","","",
"Soudan du Sud","SSD","Part des revenus détenus par les 10% moins élevés","SI.DST.FRST.10","","","","","","","","","","","","","","","","","","","","","","","","","","","","","","","","","","","","","","","","","","","","","","","","","","1.3","","","","","","","","","","","",
"Afrique subsaharienne","SSF","Part des revenus détenus par les 10% moins élevés","SI.DST.FRST.10","","","","","","","","","","","","","","","","","","","","","","","","","","","","","","","","","","","","","","","","","","","","","","","","","","","","","","","","","","","","","",
"Petits états","SST","Part des revenus détenus par les 10% moins élevés","SI.DST.FRST.10","","","","","","","","","","","","","","","","","","","","","","","","","","","","","","","","","","","","","","","","","","","","","","","","","","","","","","","","","","","","","",
"Sao Tomé-et-Principe","STP","Part des revenus détenus par les 10% moins élevés","SI.DST.FRST.10","","","","","","","","","","","","","","","","","","","","","","","","","","","","","","","","","","","","","","","","","3.3","","","","","","","","","","3.5","","","","","","","1.3","","","",
"Suriname","SUR","Part des revenus détenus par les 10% moins élevés","SI.DST.FRST.10","","","","","","","","","","","","","","","","","","","","","","","","","","","","","","","","","","","","","","","","","","","","","","","","","","","","","","","","","","","","","",
"République slovaque","SVK","Part des revenus détenus par les 10% moins élevés","SI.DST.FRST.10","","","","","","","","","","","","","","","","","","","","","","","","","","","","","","","","","","","","","","","","","","","","","3.3","3.4","3.6","3.6","3.4","3.2","3.1","3.2","3.1","3","2.9","3","2.9","","","","",
"Slovénie","SVN","Part des revenus détenus par les 10% moins élevés","SI.DST.FRST.10","","","","","","","","","","","","","","","","","","","","","","","","","","","","","","","","","","","","","","","","","","","","","4","4","4.1","4.1","4.2","4","3.9","3.9","3.7","3.6","3.8","3.9","4","4.1","","","",
"Suède","SWE","Part des revenus détenus par les 10% moins élevés","SI.DST.FRST.10","","","","","","","","0.5","","","","","","","","4.1","","","","","","3.9","","","","","","4.1","","","","","3.8","","","3.6","","","","","3.8","","","3.7","3.7","3.2","3.6","3.4","3.2","3.2","3.2","3","3","2.9","3.1","2.9","3","3","","","",
"Eswatini","SWZ","Part des revenus détenus par les 10% moins élevés","SI.DST.FRST.10","","","","","","","","","","","","","","","","","","","","","","","","","","","","","","","","","","","0.9","","","","","","1.8","","","","","","","","","1.5","","","","","","","1.4","","","","",
"Sint Maarten (Dutch part)","SXM","Part des revenus détenus par les 10% moins élevés","SI.DST.FRST.10","","","","","","","","","","","","","","","","","","","","","","","","","","","","","","","","","","","","","","","","","","","","","","","","","","","","","","","","","","","","","",
"Seychelles","SYC","Part des revenus détenus par les 10% moins élevés","SI.DST.FRST.10","","","","","","","","","","","","","","","","","","","","","","","","","","","","","","","","","","","","","","","","","","","","","","","","","","","","","","1.9","","","","","","","",
"République arabe syrienne","SYR","Part des revenus détenus par les 10% moins élevés","SI.DST.FRST.10","","","","","","","","","","","","","","","","","","","","","","","","","","","","","","","","","","","","","","","","","","","","","3.2","","","","","","","","","","","","","","","","",
"Îles Turques-et-Caïques","TCA","Part des revenus détenus par les 10% moins élevés","SI.DST.FRST.10","","","","","","","","","","","","","","","","","","","","","","","","","","","","","","","","","","","","","","","","","","","","","","","","","","","","","","","","","","","","","",
"Tchad","TCD","Part des revenus détenus par les 10% moins élevés","SI.DST.FRST.10","","","","","","","","","","","","","","","","","","","","","","","","","","","","","","","","","","","","","","","","","","","","2.5","","","","","","","","1.8","","","","","","","","","",
"Asie de l’Est et Pacifique (BIRD et IDA)","TEA","Part des revenus détenus par les 10% moins élevés","SI.DST.FRST.10","","","","","","","","","","","","","","","","","","","","","","","","","","","","","","","","","","","","","","","","","","","","","","","","","","","","","","","","","","","","","",
"Europe et Asie centrale (BIRD et IDA)","TEC","Part des revenus détenus par les 10% moins élevés","SI.DST.FRST.10","","","","","","","","","","","","","","","","","","","","","","","","","","","","","","","","","","","","","","","","","","","","","","","","","","","","","","","","","","","","","",
"Togo","TGO","Part des revenus détenus par les 10% moins élevés","SI.DST.FRST.10","","","","","","","","","","","","","","","","","","","","","","","","","","","","","","","","","","","","","","","","","","","","","","","2.5","","","","","1.9","","","","1.9","","","","","",
"Thaïlande","THA","Part des revenus détenus par les 10% moins élevés","SI.DST.FRST.10","","","","","","","","","","","","","","","","","","","","","","2.3","","","","","","","2.7","","2.4","","2.2","","2.5","","2.6","","2.7","2.5","2.6","","2.6","","2.5","","2.5","2.7","2.7","2.7","2.7","3","2.8","2.9","3","3.2","3.1","3","3","","",
"Tadjikistan","TJK","Part des revenus détenus par les 10% moins élevés","SI.DST.FRST.10","","","","","","","","","","","","","","","","","","","","","","","","","","","","","","","","","","","","","","","","3.3","","","","3.3","3.2","","","2.6","","3.4","","","","","","3","","","","","",
"Turkménistan","TKM","Part des revenus détenus par les 10% moins élevés","SI.DST.FRST.10","","","","","","","","","","","","","","","","","","","","","","","","","","","","","","","","","","","","","","","2.6","","","","","","","","","","","","","","","","","","","","","","",
"Amérique latine et Caraïbes (BIRD et IDA)","TLA","Part des revenus détenus par les 10% moins élevés","SI.DST.FRST.10","","","","","","","","","","","","","","","","","","","","","","","","","","","","","","","","","","","","","","","","","","","","","","","","","","","","","","","","","","","","","",
"Timor-Leste","TLS","Part des revenus détenus par les 10% moins élevés","SI.DST.FRST.10","","","","","","","","","","","","","","","","","","","","","","","","","","","","","","","","","","","","","","","","","","3","","","","","","4.1","","","","","","","4","","","","","","",
"Afrique du Nord et Moyen-Orient (BIRD et IDA)","TMN","Part des revenus détenus par les 10% moins élevés","SI.DST.FRST.10","","","","","","","","","","","","","","","","","","","","","","","","","","","","","","","","","","","","","","","","","","","","","","","","","","","","","","","","","","","","","",
"Tonga","TON","Part des revenus détenus par les 10% moins élevés","SI.DST.FRST.10","","","","","","","","","","","","","","","","","","","","","","","","","","","","","","","","","","","","","","","","","","2.4","","","","","","","","2.7","","","","","","2.8","","","","","",
"Asie du Sud (BIRD et IDA)","TSA","Part des revenus détenus par les 10% moins élevés","SI.DST.FRST.10","","","","","","","","","","","","","","","","","","","","","","","","","","","","","","","","","","","","","","","","","","","","","","","","","","","","","","","","","","","","","",
"Afrique subsaharienne (BIRD et IDA)","TSS","Part des revenus détenus par les 10% moins élevés","SI.DST.FRST.10","","","","","","","","","","","","","","","","","","","","","","","","","","","","","","","","","","","","","","","","","","","","","","","","","","","","","","","","","","","","","",
"Trinité-et-Tobago","TTO","Part des revenus détenus par les 10% moins élevés","SI.DST.FRST.10","","","","","","","","","","","","","","","","","","","","","","","","","","","","","1.9","","","","2.1","","","","","","","","","","","","","","","","","","","","","","","","","","","","",
"Tunisie","TUN","Part des revenus détenus par les 10% moins élevés","SI.DST.FRST.10","","","","","","","","","","","","","","","","","","","","","","","","","","2.3","","","","","2.3","","","","","2.3","","","","","2.4","","","","","2.5","","","","","2.6","","","","","3.2","","","","","",
"Turquie","TUR","Part des revenus détenus par les 10% moins élevés","SI.DST.FRST.10","","","","","","","","","","","","","","","","","","","","","","","","","","","","2.4","","","","","","","2.3","","","","","","","","2.3","2.1","2","1.9","2.1","2.1","2.1","2.2","2.2","2.2","2.2","2.2","2.2","2.1","2.2","2.2","2.2","","",
"Tuvalu","TUV","Part des revenus détenus par les 10% moins élevés","SI.DST.FRST.10","","","","","","","","","","","","","","","","","","","","","","","","","","","","","","","","","","","","","","","","","","","","","","","","","","","2.7","","","","","","","","","","",
"Tanzanie","TZA","Part des revenus détenus par les 10% moins élevés","SI.DST.FRST.10","","","","","","","","","","","","","","","","","","","","","","","","","","","","","","","","2.7","","","","","","","","","2.7","","","","","","","2.5","","","","3.1","","","","","","2.9","","","",
"Ouganda","UGA","Part des revenus détenus par les 10% moins élevés","SI.DST.FRST.10","","","","","","","","","","","","","","","","","","","","","","","","","","","","","","1.9","","","2.4","","","","2.8","","","2.3","","","2.4","","","2.4","","","","2.3","","","2.5","","","","2.5","","","","",
"Ukraine","UKR","Part des revenus détenus par les 10% moins élevés","SI.DST.FRST.10","","","","","","","","","","","","","","","","","","","","","","","","","","","","","","","","","3.1","3.6","","2.4","2.8","","","","","","3.6","3.8","3.6","3.7","3.7","4","4.1","4.3","4.4","4.4","4.4","4.4","4.5","4.2","4.3","4.1","4.2","","",
"Revenu intermédiaire, tranche supérieure","UMC","Part des revenus détenus par les 10% moins élevés","SI.DST.FRST.10","","","","","","","","","","","","","","","","","","","","","","","","","","","","","","","","","","","","","","","","","","","","","","","","","","","","","","","","","","","","","",
"Uruguay","URY","Part des revenus détenus par les 10% moins élevés","SI.DST.FRST.10","","","","","","","","","","","","","","","","","","","","","","","","","","","","","","","","","2.1","","","1.8","1.8","1.8","1.7","","1.9","1.8","1.8","2","1.8","1.8","1.9","1.9","1.9","1.8","2","2","2.1","2.1","2.1","2.1","2.2","2.3","2.3","","",
"États-Unis","USA","Part des revenus détenus par les 10% moins élevés","SI.DST.FRST.10","","","","","","","","","","","","","","","2.1","","","","","2.3","","","","","","","2","","","","","2","","","1.9","","","1.9","","","1.9","","","","1.8","","","1.7","","","1.8","","","1.8","","","1.8","","","","",
"Ouzbékistan","UZB","Part des revenus détenus par les 10% moins élevés","SI.DST.FRST.10","","","","","","","","","","","","","","","","","","","","","","","","","","","","","","","","","","","","","","","1.1","","2.7","","3.3","2.9","","","","","","","","","","","","","","","","","",
"Saint-Vincent-et-les Grenadines","VCT","Part des revenus détenus par les 10% moins élevés","SI.DST.FRST.10","","","","","","","","","","","","","","","","","","","","","","","","","","","","","","","","","","","","","","","","","","","","","","","","","","","","","","","","","","","","","",
"Venezuela","VEN","Part des revenus détenus par les 10% moins élevés","SI.DST.FRST.10","","","","","","","","","","","","","","","","","","","","","","1.2","","","","","","1.3","","0.8","","","1.5","","","1.1","","","0.5","0.9","","0.9","0.4","0.2","0.2","0","0.5","","","","","","","","","","","","","","",
"Îles Vierges britanniques","VGB","Part des revenus détenus par les 10% moins élevés","SI.DST.FRST.10","","","","","","","","","","","","","","","","","","","","","","","","","","","","","","","","","","","","","","","","","","","","","","","","","","","","","","","","","","","","","",
"Îles Vierges (EU)","VIR","Part des revenus détenus par les 10% moins élevés","SI.DST.FRST.10","","","","","","","","","","","","","","","","","","","","","","","","","","","","","","","","","","","","","","","","","","","","","","","","","","","","","","","","","","","","","",
"Viet Nam","VNM","Part des revenus détenus par les 10% moins élevés","SI.DST.FRST.10","","","","","","","","","","","","","","","","","","","","","","","","","","","","","","","","","3.3","","","","","","3.3","","","","3.2","","2.9","","2.9","","3","","2.5","","2.8","","2.7","","2.6","","2.5","","",
"Vanuatu","VUT","Part des revenus détenus par les 10% moins élevés","SI.DST.FRST.10","","","","","","","","","","","","","","","","","","","","","","","","","","","","","","","","","","","","","","","","","","","","","","","","","","","2.7","","","","","","","","","","",
"Monde","WLD","Part des revenus détenus par les 10% moins élevés","SI.DST.FRST.10","","","","","","","","","","","","","","","","","","","","","","","","","","","","","","","","","","","","","","","","","","","","","","","","","","","","","","","","","","","","","",
"Samoa","WSM","Part des revenus détenus par les 10% moins élevés","SI.DST.FRST.10","","","","","","","","","","","","","","","","","","","","","","","","","","","","","","","","","","","","","","","","","","","2.5","","","","","","2.7","","","","","2.7","","","","","","","",
"Kosovo","XKX","Part des revenus détenus par les 10% moins élevés","SI.DST.FRST.10","","","","","","","","","","","","","","","","","","","","","","","","","","","","","","","","","","","","","","","","","","","","3.8","","3.3","3.5","","","3.2","3.2","3.7","3.6","4.1","3.7","4","3.8","3.8","","","",
"Yémen, Rép. du","YEM","Part des revenus détenus par les 10% moins élevés","SI.DST.FRST.10","","","","","","","","","","","","","","","","","","","","","","","","","","","","","","","","","","","","","","","2.9","","","","","","","3.3","","","","","","","","","3","","","","","","",
"Afrique du Sud","ZAF","Part des revenus détenus par les 10% moins élevés","SI.DST.FRST.10","","","","","","","","","","","","","","","","","","","","","","","","","","","","","","","","","","1.3","","","1","","","","1.3","","","","","1","","","1","","0.9","","","","0.9","","","","","","",
"Zambie","ZMB","Part des revenus détenus par les 10% moins élevés","SI.DST.FRST.10","","","","","","","","","","","","","","","","","","","","","","","","","","","","","","","","0.2","","1.1","","","1.7","","1.6","","","","2.4","","1.3","","1.3","","","","1.5","","","","","1","","","","","",
"Zimbabwe","ZWE","Part des revenus détenus par les 10% moins élevés","SI.DST.FRST.10","","","","","","","","","","","","","","","","","","","","","","","","","","","","","","","","","","","","","","","","","","","","","","","","","","","","2.5","","","","","","2.5","","","",
